"Guild","Raw_mean","Raw_sd"
"Water",2.98196283741032,1.92514660174365
"Cave",2.5448771705159,1.51954757926472
"Grass",2.6012926586826,1.25644059485879
