"Guild","parameter","mean","sd","0.025quant","0.975quant"
"Water-type","intercept",-0.459184391250448,0.316583946329892,-1.0796775241406,0.161308741639701
"Water-type","dist_cov",-1.74745669463839,0.258713211708837,-2.2545252719124,-1.24038811736438
"Rock/Cave-type","intercept",-0.8908030714615,0.297297863516747,-1.47349617663503,-0.308109966287971
"Rock/Cave-type","dist_cov",-2.01242493422037,0.287921491152389,-2.57674068725412,-1.44810918118662
"Grass/Normal-type","intercept",-0.33395299056887,0.296013853581942,-0.91412948251439,0.24622350137665
"Grass/Normal-type","dist_cov",-1.11216819120651,0.17665831206471,-1.45841212042298,-0.76592426199004
